{
    "Design": {
        "H": 300.0,
        "bf": 120.0,
        "tw": 6.0,
        "tf": 10.000000000000002,
        "L": 6323.749657260287,
        "ho": 217.2250669616445,
        "s": 274.5147512139873,
        "fy": 404.3631337516799
    },
    "wu_pred": 31.950851169568125,
    "Area": 2880.0
}