{
    "Design": {
        "H": 569.3693124920422,
        "bf": 234.28586174396568,
        "tw": 12.388760115444002,
        "tf": 23.51997356870328,
        "L": 16767.421636507504,
        "ho": 362.32528920328735,
        "s": 457.54309346652,
        "fy": 316.9827511694284
    },
    "wu_target": 32.0,
    "wu_pred": 32.00015565374242,
    "error_%": 0.00048641794505588365,
    "Area": 11981.410484369633
}