{
    "LGBM": {
        "R2": 0.9958302398046985,
        "MAE": 1.2802963688853464,
        "RMSE": 2.0373322364843625
    },
    "XGB": {
        "R2": 0.9947882375557465,
        "MAE": 1.4534897312277797,
        "RMSE": 2.2777110223267494
    },
    "RF": {
        "R2": 0.993591447082601,
        "MAE": 1.4151307146290182,
        "RMSE": 2.5257264064304668
    }
}